Araba,Alegría-Dulantzi
Araba,Amurrio
Araba,Añana
Araba,Aramaio
Araba,Armiñón
Araba,Arraia-Maeztu
Araba,Arrazua-Ubarrundia
Araba,Artziniega
Araba,Asparrena
Araba,Ayala/Aiara
Araba,Baños de Ebro/Mañueta
Araba,Barrundia
Araba,Berantevilla
Araba,Bernedo
Araba,Campezo/Kanpezu
Araba,Elburgo/Burgelu
Araba,Elciego
Araba,Elvillar/Bilar
Araba,Erriberagoitia/Ribera Alta
Araba,Harana/Valle de Arana
Araba,Iruña Oka/Iruña de Oca
Araba,Iruraiz-Gauna
Araba,Kripan
Araba,Kuartango
Araba,Labastida/Bastida
Araba,Lagrán
Araba,Laguardia
Araba,Lanciego/Lantziego
Araba,Lantarón
Araba,Lapuebla de Labarca
Araba,Laudio/Llodio
Araba,Legutio
Araba,Leza
Araba,Moreda de Álava
Araba,Navaridas
Araba,Okondo
Araba,Oyón-Oion
Araba,Peñacerrada-Urizaharra
Araba,Ribera Baja/Erribera Beitia
Araba,Salvatierra/Agurain
Araba,Samaniego
Araba,San Millán/Donemiliaga
Araba,Urkabustaiz
Araba,Valdegovía/Gaubea
Araba,Villabuena de Álava/Eskuernaga
Araba,Vitoria-Gasteiz
Araba,Yécora/Iekora
Araba,Zalduondo
Araba,Zambrana
Araba,Zigoitia
Araba,Zuia
Bizkaia,Abadiño
Bizkaia,Abanto y Ciérvana-Abanto Zierbena
Bizkaia,Ajangiz
Bizkaia,Alonsotegi
Bizkaia,Amorebieta-Etxano
Bizkaia,Amoroto
Bizkaia,Arakaldo
Bizkaia,Arantzazu
Bizkaia,Areatza
Bizkaia,Arrankudiaga
Bizkaia,Arratzu
Bizkaia,Arrieta
Bizkaia,Arrigorriaga
Bizkaia,Artea
Bizkaia,Artzentales
Bizkaia,Atxondo
Bizkaia,Aulesti
Bizkaia,Bakio
Bizkaia,Balmaseda
Bizkaia,Barakaldo
Bizkaia,Barrika
Bizkaia,Basauri
Bizkaia,Bedia
Bizkaia,Berango
Bizkaia,Bermeo
Bizkaia,Berriatua
Bizkaia,Berriz
Bizkaia,Bilbao
Bizkaia,Busturia
Bizkaia,Derio
Bizkaia,Dima
Bizkaia,Durango
Bizkaia,Ea
Bizkaia,Elantxobe
Bizkaia,Elorrio
Bizkaia,Erandio
Bizkaia,Ereño
Bizkaia,Ermua
Bizkaia,Errigoiti
Bizkaia,Etxebarria
Bizkaia,Etxebarri
Bizkaia,Forua
Bizkaia,Fruiz
Bizkaia,Galdakao
Bizkaia,Galdames
Bizkaia,Gamiz-Fika
Bizkaia,Garai
Bizkaia,Gatika
Bizkaia,Gautegiz Arteaga
Bizkaia,Gernika-Lumo
Bizkaia,Getxo
Bizkaia,Gizaburuaga
Bizkaia,Gordexola
Bizkaia,Gorliz
Bizkaia,Güeñes
Bizkaia,Ibarrangelu
Bizkaia,Igorre
Bizkaia,Ispaster
Bizkaia,Iurreta
Bizkaia,Izurtza
Bizkaia,Karrantza Harana/Valle de Carranza
Bizkaia,Kortezubi
Bizkaia,Lanestosa
Bizkaia,Larrabetzu
Bizkaia,Laukiz
Bizkaia,Leioa
Bizkaia,Lekeitio
Bizkaia,Lemoa
Bizkaia,Lemoiz
Bizkaia,Lezama
Bizkaia,Loiu
Bizkaia,Mallabia
Bizkaia,Mañaria
Bizkaia,Markina-Xemein
Bizkaia,Maruri-Jatabe
Bizkaia,Mendata
Bizkaia,Mendexa
Bizkaia,Meñaka
Bizkaia,Morga
Bizkaia,Mundaka
Bizkaia,Mungia
Bizkaia,Munitibar-Arbatzegi Gerrikaitz
Bizkaia,Murueta
Bizkaia,Muskiz
Bizkaia,Muxika
Bizkaia,Nabarniz
Bizkaia,Ondarroa
Bizkaia,Orozko
Bizkaia,Ortuella
Bizkaia,Otxandio
Bizkaia,Plentzia
Bizkaia,Portugalete
Bizkaia,Santurtzi
Bizkaia,Sestao
Bizkaia,Sondika
Bizkaia,Sopelana
Bizkaia,Sopuerta
Bizkaia,Sukarrieta
Bizkaia,Trucios-Turtzioz
Bizkaia,Ubide
Bizkaia,Ugao-Miraballes
Bizkaia,Urduliz
Bizkaia,Urduña-Orduña
Bizkaia,Valle de Trápaga-Trapagaran
Bizkaia,Zaldibar
Bizkaia,Zalla
Bizkaia,Zamudio
Bizkaia,Zaratamo
Bizkaia,Zeanuri
Bizkaia,Zeberio
Bizkaia,Zierbena
Bizkaia,Ziortza-Bolibar
Gipuzkoa,Abaltzisketa
Gipuzkoa,Aduna
Gipuzkoa,Aia
Gipuzkoa,Aizarnazabal
Gipuzkoa,Albiztur
Gipuzkoa,Alegia
Gipuzkoa,Alkiza
Gipuzkoa,Altzaga
Gipuzkoa,Altzo
Gipuzkoa,Amezketa
Gipuzkoa,Andoain
Gipuzkoa,Anoeta
Gipuzkoa,Antzuola
Gipuzkoa,Arama
Gipuzkoa,Aretxabaleta
Gipuzkoa,Arrasate/Mondragón
Gipuzkoa,Asteasu
Gipuzkoa,Astigarraga
Gipuzkoa,Ataun
Gipuzkoa,Azkoitia
Gipuzkoa,Azpeitia
Gipuzkoa,Baliarrain
Gipuzkoa,Beasain
Gipuzkoa,Beizama
Gipuzkoa,Belauntza
Gipuzkoa,Berastegi
Gipuzkoa,Bergara
Gipuzkoa,Berrobi
Gipuzkoa,Bidegoian
Gipuzkoa,Deba
Gipuzkoa,Donostia-San Sebastián
Gipuzkoa,Eibar
Gipuzkoa,Elduain
Gipuzkoa,Elgeta
Gipuzkoa,Elgoibar
Gipuzkoa,Errenteria
Gipuzkoa,Errezil
Gipuzkoa,Eskoriatza
Gipuzkoa,Ezkio-Itsaso
Gipuzkoa,Gabiria
Gipuzkoa,Gaintza
Gipuzkoa,Gaztelu
Gipuzkoa,Getaria
Gipuzkoa,Hernani
Gipuzkoa,Hernialde
Gipuzkoa,Hondarribia
Gipuzkoa,Ibarra
Gipuzkoa,Idiazabal
Gipuzkoa,Ikaztegieta
Gipuzkoa,Irun
Gipuzkoa,Irura
Gipuzkoa,Itsasondo
Gipuzkoa,Larraul
Gipuzkoa,Lasarte-Oria
Gipuzkoa,Lazkao
Gipuzkoa,Leaburu
Gipuzkoa,Legazpi
Gipuzkoa,Legorreta
Gipuzkoa,Leintz-Gatzaga
Gipuzkoa,Lezo
Gipuzkoa,Lizartza
Gipuzkoa,Mendaro
Gipuzkoa,Mutiloa
Gipuzkoa,Mutriku
Gipuzkoa,Oiartzun
Gipuzkoa,Olaberria
Gipuzkoa,Oñati
Gipuzkoa,Ordizia
Gipuzkoa,Orendain
Gipuzkoa,Orexa
Gipuzkoa,Orio
Gipuzkoa,Ormaiztegi
Gipuzkoa,Pasaia
Gipuzkoa,Segura
Gipuzkoa,Soraluze-Placencia de las Armas
Gipuzkoa,Tolosa
Gipuzkoa,Urnieta
Gipuzkoa,Urretxu
Gipuzkoa,Usurbil
Gipuzkoa,Villabona
Gipuzkoa,Zaldibia
Gipuzkoa,Zarautz
Gipuzkoa,Zegama
Gipuzkoa,Zerain
Gipuzkoa,Zestoa
Gipuzkoa,Zizurkil
Gipuzkoa,Zumaia
Gipuzkoa,Zumarraga